{
  "two_tower": {
    "HitRate@10": 0.3176883549250923,
    "Precision@10": 0.036468661793442866,
    "Recall@10": 0.1772216319182225,
    "NDCG@10": 0.13275750817400356
  },
  "Popular": {
    "HitRate@10": 0.33323080263443583,
    "Precision@10": 0.039098574220163565,
    "Recall@10": 0.18165047109493257,
    "NDCG@10": 0.1088381354106822
  },
  "Random": {
    "HitRate@10": 0.022635159586017226,
    "Precision@10": 0.002302417312006948,
    "Recall@10": 0.007591909308612157,
    "NDCG@10": 0.0046254741331390025
  }
}